account_id,customer_id,account_type,opened_date,branch,currency,status,source_system,batch_id,load_date,record_created_ts,record_updated_ts
ACC000062,CUST00405,Savings,2026-03-26,Delhi,INR,Active,Core Banking,BATCH_20260720,2026-07-20,2026-07-16 11:10:47.584335,2026-07-19
ACC000800,CUST00470,Investment,2015-10-19,Delhi,INR,Active,Core Banking,BATCH_20260720,2026-07-20,2026-07-16 11:10:47.590277,2026-07-19
ACC000748,CUST00252,Investment,2018-01-31,Bengaluru,INR,Active,Core Banking,BATCH_20260720,2026-07-20,2026-07-16 11:10:47.589901,2026-07-19
ACC000669,CUST00337,Investment,2026-10-17,Pune,INR,Active,Core Banking,BATCH_20260720,2026-07-20,2026-07-16 11:10:47.589342,2026-07-19
ACC000727,CUST00273,Savings,2019-03-08,Bengaluru,INR,Active,Core Banking,BATCH_20260720,2026-07-20,2026-07-16 11:10:47.589710,2026-07-19
ACC000111,CUST00203,Savings,2019-06-05,Mumbai,INR,Active,Core Banking,BATCH_20260720,2026-07-20,2026-07-16 11:10:47.584633,2026-07-19
ACC000390,CUST00483,Current,2017-04-29,Mumbai,INR,Active,Core Banking,BATCH_20260720,2026-07-20,2026-07-16 11:10:47.587635,2026-07-19
ACC000465,CUST00009,Investment,2017-08-27,Pune,INR,Active,Core Banking,BATCH_20260720,2026-07-20,2026-07-16 11:10:47.588083,2026-07-19
ACC000035,CUST00009,Demat,2024-05-13,Chennai,INR,Active,Core Banking,BATCH_20260720,2026-07-20,2026-07-16 11:10:47.584172,2026-07-19
ACC000245,CUST00120,Current,2017-03-31,Bengaluru,INR,Active,Core Banking,BATCH_20260720,2026-07-20,2026-07-16 11:10:47.586350,2026-07-19
ACC000272,CUST00404,Current,2018-08-25,Mumbai,INR,Active,Core Banking,BATCH_20260720,2026-07-20,2026-07-16 11:10:47.586582,2026-07-19
ACC000284,CUST00246,Current,2017-03-05,Hyderabad,INR,Active,Core Banking,BATCH_20260720,2026-07-20,2026-07-16 11:10:47.586670,2026-07-19
ACC000732,CUST00416,Savings,2020-10-11,Mumbai,INR,Active,Core Banking,BATCH_20260720,2026-07-20,2026-07-16 11:10:47.589738,2026-07-19
ACC000481,CUST00036,Current,2022-02-16,Mumbai,INR,Active,Core Banking,BATCH_20260720,2026-07-20,2026-07-16 11:10:47.588188,2026-07-19
ACC000301,CUST00403,Investment,2017-07-10,Mumbai,INR,Active,Core Banking,BATCH_20260720,2026-07-20,2026-07-16 11:10:47.586767,2026-07-19
ACC000773,CUST00392,Demat,2015-04-11,Mumbai,INR,Active,Core Banking,BATCH_20260720,2026-07-20,2026-07-16 11:10:47.590109,2026-07-19
ACC000143,CUST00360,Current,2020-08-07,Bengaluru,INR,Active,Core Banking,BATCH_20260720,2026-07-20,2026-07-16 11:10:47.585662,2026-07-19
ACC000257,CUST00301,Savings,2022-07-20,Chennai,INR,Active,Core Banking,BATCH_20260720,2026-07-20,2026-07-16 11:10:47.586423,2026-07-19
ACC000621,CUST00274,Savings,2026-01-12,Kolkata,INR,Active,Core Banking,BATCH_20260720,2026-07-20,2026-07-16 11:10:47.589046,2026-07-19
ACC000278,CUST00311,Investment,2018-07-10,Hyderabad,INR,Active,Core Banking,BATCH_20260720,2026-07-20,2026-07-16 11:10:47.586634,2026-07-19
ACC000237,CUST00316,Current,2021-08-14,Mumbai,INR,Active,Core Banking,BATCH_20260720,2026-07-20,2026-07-16 11:10:47.586301,2026-07-19
ACC000751,CUST00388,Current,2016-06-25,Bengaluru,INR,Active,Core Banking,BATCH_20260720,2026-07-20,2026-07-16 11:10:47.589929,2026-07-19
ACC000777,CUST00143,Current,2016-02-05,Bengaluru,INR,Closed,Core Banking,BATCH_20260720,2026-07-20,2026-07-16 11:10:47.590136,2026-07-19
ACC000478,CUST00038,Demat,2016-07-05,Chennai,INR,Active,Core Banking,BATCH_20260720,2026-07-20,2026-07-16 11:10:47.588172,2026-07-19
ACC000290,CUST00289,Savings,2018-05-23,Kolkata,INR,Active,Core Banking,BATCH_20260720,2026-07-20,2026-07-16 11:10:47.586704,2026-07-19
ACC000666,CUST00338,Savings,2015-12-25,Kolkata,INR,Active,Core Banking,BATCH_20260720,2026-07-20,2026-07-16 11:10:47.589323,2026-07-19
ACC000587,CUST00144,Investment,2019-01-13,Pune,INR,Closed,Core Banking,BATCH_20260720,2026-07-20,2026-07-16 11:10:47.588842,2026-07-19
ACC000519,CUST00230,Investment,2025-10-20,Bengaluru,INR,Active,Core Banking,BATCH_20260720,2026-07-20,2026-07-16 11:10:47.588421,2026-07-19
ACC000141,CUST00149,Demat,2026-07-16,Delhi,INR,Active,Core Banking,BATCH_20260720,2026-07-20,2026-07-16 11:10:47.584839,2026-07-19
ACC000479,CUST00102,Investment,2022-06-03,Chennai,INR,Active,Core Banking,BATCH_20260720,2026-07-20,2026-07-16 11:10:47.588177,2026-07-19
ACC000307,CUST00354,Current,2016-02-08,Delhi,INR,Active,Core Banking,BATCH_20260720,2026-07-20,2026-07-16 11:10:47.586804,2026-07-19
ACC000286,CUST00158,Investment,2025-07-24,Mumbai,INR,Active,Core Banking,BATCH_20260720,2026-07-20,2026-07-16 11:10:47.586682,2026-07-19
ACC000014,CUST00449,Current,2026-09-10,Bengaluru,INR,Active,Core Banking,BATCH_20260720,2026-07-20,2026-07-16 11:10:47.584045,2026-07-19
ACC000696,CUST00196,Savings,2016-04-03,Kolkata,INR,Active,Core Banking,BATCH_20260720,2026-07-20,2026-07-16 11:10:47.589510,2026-07-19
ACC000230,CUST00299,Demat,2016-09-06,Hyderabad,INR,Active,Core Banking,BATCH_20260720,2026-07-20,2026-07-16 11:10:47.586257,2026-07-19
ACC000452,CUST00229,Current,2020-06-20,Hyderabad,INR,Active,Core Banking,BATCH_20260720,2026-07-20,2026-07-16 11:10:47.588005,2026-07-19
ACC000645,CUST00443,Current,2017-07-14,Bengaluru,INR,Closed,Core Banking,BATCH_20260720,2026-07-20,2026-07-16 11:10:47.589190,2026-07-19
ACC000324,CUST00026,Current,2019-10-22,Kolkata,INR,Active,Core Banking,BATCH_20260720,2026-07-20,2026-07-16 11:10:47.586989,2026-07-19
ACC000328,CUST00312,Demat,2021-03-05,Mumbai,INR,Active,Core Banking,BATCH_20260720,2026-07-20,2026-07-16 11:10:47.587018,2026-07-19
ACC000598,CUST00333,Current,2021-05-20,Chennai,INR,Active,Core Banking,BATCH_20260720,2026-07-20,2026-07-16 11:10:47.588909,2026-07-19
ACC000306,CUST00349,Investment,2015-11-14,Mumbai,INR,Active,Core Banking,BATCH_20260720,2026-07-20,2026-07-16 11:10:47.586799,2026-07-19
ACC000303,CUST00403,Demat,2022-09-17,Mumbai,INR,Active,Core Banking,BATCH_20260720,2026-07-20,2026-07-16 11:10:47.586779,2026-07-19
ACC000494,CUST00457,Demat,2018-01-01,Mumbai,INR,Active,Core Banking,BATCH_20260720,2026-07-20,2026-07-16 11:10:47.588268,2026-07-19
ACC000720,CUST00281,Investment,2018-03-03,Delhi,INR,Active,Core Banking,BATCH_20260720,2026-07-20,2026-07-16 11:10:47.589665,2026-07-19
ACC000210,CUST00435,Demat,2017-05-01,Bengaluru,INR,Active,Core Banking,BATCH_20260720,2026-07-20,2026-07-16 11:10:47.586139,2026-07-19
ACC000628,CUST00415,Demat,2024-04-05,Bengaluru,INR,Active,Core Banking,BATCH_20260720,2026-07-20,2026-07-16 11:10:47.589088,2026-07-19
ACC000625,CUST00084,Investment,2023-06-27,Bengaluru,INR,Active,Core Banking,BATCH_20260720,2026-07-20,2026-07-16 11:10:47.589071,2026-07-19
ACC000554,CUST00142,Investment,2022-12-02,Delhi,INR,Active,Core Banking,BATCH_20260720,2026-07-20,2026-07-16 11:10:47.588642,2026-07-19
ACC000397,CUST00247,Demat,2023-08-19,Bengaluru,INR,Active,Core Banking,BATCH_20260720,2026-07-20,2026-07-16 11:10:47.587676,2026-07-19
ACC000361,CUST00153,Demat,2025-03-23,Delhi,INR,Active,Core Banking,BATCH_20260720,2026-07-20,2026-07-16 11:10:47.587214,2026-07-19
ACC000801,CUST00045,Investment,2023-05-26,Mumbai,INR,Open,Core Banking,BATCH_20260720,2026-07-20,2026-07-16 11:10:47.583937,2026-07-19
ACC000802,CUST00471,Investment,2023-05-26,Mumbai,INR,Open,Core Banking,BATCH_20260720,2026-07-20,2026-07-16 11:10:47.583937,2026-07-19
ACC000803,CUST00128,Investment,2023-05-26,Mumbai,INR,Open,Core Banking,BATCH_20260720,2026-07-20,2026-07-16 11:10:47.583937,2026-07-19
ACC000804,CUST00388,Investment,2023-05-26,Mumbai,INR,Open,Core Banking,BATCH_20260720,2026-07-20,2026-07-16 11:10:47.583937,2026-07-19
ACC000805,CUST00081,Investment,2023-05-26,Mumbai,INR,Open,Core Banking,BATCH_20260720,2026-07-20,2026-07-16 11:10:47.583937,2026-07-19
ACC000806,CUST00301,Investment,2023-05-26,Mumbai,INR,Open,Core Banking,BATCH_20260720,2026-07-20,2026-07-16 11:10:47.583937,2026-07-19
ACC000807,CUST00371,Investment,2023-05-26,Mumbai,INR,Open,Core Banking,BATCH_20260720,2026-07-20,2026-07-16 11:10:47.583937,2026-07-19
ACC000808,CUST00197,Investment,2023-05-26,Mumbai,INR,Open,Core Banking,BATCH_20260720,2026-07-20,2026-07-16 11:10:47.583937,2026-07-19
ACC000809,CUST00072,Investment,2023-05-26,Mumbai,INR,Open,Core Banking,BATCH_20260720,2026-07-20,2026-07-16 11:10:47.583937,2026-07-19
ACC000810,CUST00047,Investment,2023-05-26,Mumbai,INR,Open,Core Banking,BATCH_20260720,2026-07-20,2026-07-16 11:10:47.583937,2026-07-19
ACC000811,CUST00234,Investment,2023-05-26,Mumbai,INR,Open,Core Banking,BATCH_20260720,2026-07-20,2026-07-16 11:10:47.583937,2026-07-19
ACC000812,CUST00297,Investment,2023-05-26,Mumbai,INR,Open,Core Banking,BATCH_20260720,2026-07-20,2026-07-16 11:10:47.583937,2026-07-19
ACC000813,CUST00082,Investment,2023-05-26,Mumbai,INR,Open,Core Banking,BATCH_20260720,2026-07-20,2026-07-16 11:10:47.583937,2026-07-19
ACC000814,CUST00239,Investment,2023-05-26,Mumbai,INR,Open,Core Banking,BATCH_20260720,2026-07-20,2026-07-16 11:10:47.583937,2026-07-19
ACC000815,CUST00104,Investment,2023-05-26,Mumbai,INR,Open,Core Banking,BATCH_20260720,2026-07-20,2026-07-16 11:10:47.583937,2026-07-19
ACC000816,CUST00390,Investment,2023-05-26,Mumbai,INR,Open,Core Banking,BATCH_20260720,2026-07-20,2026-07-16 11:10:47.583937,2026-07-19
ACC000817,CUST00285,Investment,2023-05-26,Mumbai,INR,Open,Core Banking,BATCH_20260720,2026-07-20,2026-07-16 11:10:47.583937,2026-07-19
ACC000818,CUST00465,Investment,2023-05-26,Mumbai,INR,Open,Core Banking,BATCH_20260720,2026-07-20,2026-07-16 11:10:47.583937,2026-07-19
ACC000819,CUST00374,Investment,2023-05-26,Mumbai,INR,Open,Core Banking,BATCH_20260720,2026-07-20,2026-07-16 11:10:47.583937,2026-07-19
ACC000820,CUST00167,Investment,2023-05-26,Mumbai,INR,Open,Core Banking,BATCH_20260720,2026-07-20,2026-07-16 11:10:47.583937,2026-07-19
ACC000821,CUST00380,Investment,2023-05-26,Mumbai,INR,Open,Core Banking,BATCH_20260720,2026-07-20,2026-07-16 11:10:47.583937,2026-07-19
ACC000822,CUST00364,Investment,2023-05-26,Mumbai,INR,Open,Core Banking,BATCH_20260720,2026-07-20,2026-07-16 11:10:47.583937,2026-07-19
ACC000823,CUST00215,Investment,2023-05-26,Mumbai,INR,Open,Core Banking,BATCH_20260720,2026-07-20,2026-07-16 11:10:47.583937,2026-07-19
ACC000824,CUST00274,Investment,2023-05-26,Mumbai,INR,Open,Core Banking,BATCH_20260720,2026-07-20,2026-07-16 11:10:47.583937,2026-07-19
ACC000825,CUST00074,Investment,2023-05-26,Mumbai,INR,Open,Core Banking,BATCH_20260720,2026-07-20,2026-07-16 11:10:47.583937,2026-07-19
ACC000826,CUST00176,Investment,2023-05-26,Mumbai,INR,Open,Core Banking,BATCH_20260720,2026-07-20,2026-07-16 11:10:47.583937,2026-07-19
ACC000827,CUST00251,Investment,2023-05-26,Mumbai,INR,Open,Core Banking,BATCH_20260720,2026-07-20,2026-07-16 11:10:47.583937,2026-07-19
ACC000828,CUST00168,Investment,2023-05-26,Mumbai,INR,Open,Core Banking,BATCH_20260720,2026-07-20,2026-07-16 11:10:47.583937,2026-07-19
ACC000829,CUST00474,Investment,2023-05-26,Mumbai,INR,Open,Core Banking,BATCH_20260720,2026-07-20,2026-07-16 11:10:47.583937,2026-07-19
ACC000830,CUST00389,Investment,2023-05-26,Mumbai,INR,Open,Core Banking,BATCH_20260720,2026-07-20,2026-07-16 11:10:47.583937,2026-07-19
ACC000831,CUST00277,Investment,2023-05-26,Mumbai,INR,Open,Core Banking,BATCH_20260720,2026-07-20,2026-07-16 11:10:47.583937,2026-07-19
ACC000832,CUST00225,Investment,2023-05-26,Mumbai,INR,Open,Core Banking,BATCH_20260720,2026-07-20,2026-07-16 11:10:47.583937,2026-07-19
ACC000833,CUST00333,Investment,2023-05-26,Mumbai,INR,Open,Core Banking,BATCH_20260720,2026-07-20,2026-07-16 11:10:47.583937,2026-07-19
ACC000834,CUST00058,Investment,2023-05-26,Mumbai,INR,Open,Core Banking,BATCH_20260720,2026-07-20,2026-07-16 11:10:47.583937,2026-07-19
ACC000835,CUST00235,Investment,2023-05-26,Mumbai,INR,Open,Core Banking,BATCH_20260720,2026-07-20,2026-07-16 11:10:47.583937,2026-07-19
ACC000836,CUST00033,Investment,2023-05-26,Mumbai,INR,Open,Core Banking,BATCH_20260720,2026-07-20,2026-07-16 11:10:47.583937,2026-07-19
ACC000837,CUST00324,Investment,2023-05-26,Mumbai,INR,Open,Core Banking,BATCH_20260720,2026-07-20,2026-07-16 11:10:47.583937,2026-07-19
ACC000838,CUST00411,Investment,2023-05-26,Mumbai,INR,Open,Core Banking,BATCH_20260720,2026-07-20,2026-07-16 11:10:47.583937,2026-07-19
ACC000839,CUST00275,Investment,2023-05-26,Mumbai,INR,Open,Core Banking,BATCH_20260720,2026-07-20,2026-07-16 11:10:47.583937,2026-07-19
ACC000840,CUST00068,Investment,2023-05-26,Mumbai,INR,Open,Core Banking,BATCH_20260720,2026-07-20,2026-07-16 11:10:47.583937,2026-07-19
